word,freq,colour
toy,790,no
circuits,651,no
son,563,no
projects,490,no
gift,446,no
kids,446,no
snap,399,no
christmas,374,no
kit,353,no
educational,332,no
learning,307,yes
together,271,no
8,261,no
5,243,no
7,234,no
6,230,no
make,223,no
grandson,222,no
hours,212,no
daughter,208,no
play,208,no
circuit,206,no
different,201,no
playing,192,no
birthday,190,no
child,190,no
electricity,185,no
pieces,184,no
build,181,no
follow,177,no
highly,174,no
instructions,171,no
electronics,165,no
science,163,no
project,160,no
way,160,no
now,158,no
book,147,no
9,146,no
help,144,no
made,144,no
nephew,143,no
see,143,no
building,140,no
toys,129,no
parts,127,no
purchased,125,no
day,124,no
10,123,no
children,122,no
think,122,no
learn,121,no
kid,119,no
able,118,no
experiments,118,no
directions,114,no
hes,114,no
4,113,no
years,109,no
yr,109,no
still,106,no
100,104,no
making,104,no
dont,103,no
light,102,no
kits,101,no
2,99,no
3,99,no
boys,98,no
jr,98,no
present,97,no
age,96,no
played,96,no
hit,95,no
thought,94,no
started,92,no
im,91,no
next,91,no
know,90,no
simple,88,no
new,87,no
since,87,no
two,87,no
understand,84,no
working,84,no
cant,83,no
older,82,no
read,82,no
box,81,no
every,81,no
ever,80,no
without,80,no
young,80,no
fan,79,no
diagrams,78,no
easily,78,no
sets,77,no
go,76,no
interested,76,no
legos,74,no
basic,72,no
boy,72,no
game,72,no
going,72,no
thing,72,no
younger,71,no
ages,70,no
keep,69,no
already,68,no
definitely,68,no
absolutely,67,no
another,67,no
interest,67,no
received,67,no
purchase,66,no
spent,66,no
getting,65,no
makes,65,no
gave,64,no
learned,64,no
putting,64,no
wanted,64,no
always,63,no
teach,63,no
long,62,no
electrical,61,no
etc,61,no
looking,61,no
sure,61,no
bit,60,no
buying,60,no
sc,60,no
tool,60,no
days,59,no
school,59,no
several,59,no
add,58,no
hands,58,no
used,58,no
yet,58,no
adult,57,no
concepts,57,no
didnt,57,no
experiment,57,no
husband,57,no
opened,57,no
though,57,no
find,56,no
gets,56,no
quality,56,no
back,55,no
built,55,no
create,54,no
doesnt,54,no
last,54,no
quite,54,no
sons,54,no
video,54,no
big,53,no
almost,52,no
upgrade,52,no
us,52,no
around,51,no
dad,51,no
electronic,51,no
comes,50,no
components,50,no
family,50,no
games,50,no
manual,50,no
away,49,no
board,49,no
gifts,49,no
larger,49,no
following,48,no
quickly,47,no
say,47,no
take,47,no
teaches,47,no
using,47,no
basics,46,no
found,46,no
needed,46,no
part,46,no
plays,46,no
brother,45,no
far,45,no
wish,45,no
attention,44,no
batteries,44,no
booklet,44,no
friends,44,no
girls,44,no
lights,44,no
said,44,no
actually,43,no
explain,43,no
give,43,no
reviews,43,no
show,43,no
try,43,no
want,43,no
come,42,no
couple,42,no
creating,42,no
however,42,no
parents,42,no
took,42,no
busy,41,no
instruction,41,no
kept,41,no
activity,40,no
bigger,40,no
girl,40,no
idea,40,no
might,40,no
price,40,no
sit,40,no
wants,40,no
1,39,no
engineer,39,no
future,39,no
item,39,no
may,39,no
ones,39,no
six,39,no
sounds,39,no
switch,39,no
times,39,no
11,38,no
adults,38,no
asked,38,no
complete,38,no
never,38,no
probably,38,no
sister,38,no
ive,37,no
keeps,37,no
plastic,37,no
soon,37,no
trying,37,no
understanding,37,no
12,36,no
mom,36,no
needs,36,no
stop,36,no
electric,35,no
friend,35,no
look,35,no
olds,35,no
reading,35,no
seeing,35,no
seems,35,no
stuff,35,no
huge,34,no
lego,34,no
months,34,no
snaps,34,no
start,34,no
concept,33,no
five,33,no
says,33,no
wait,33,no
although,32,no
anyone,32,no
grandsons,32,no
motor,32,no
shes,32,no
sound,32,no
wasnt,32,no
anything,31,no
battery,31,no
engineering,31,no
level,31,no
mind,31,no
saw,31,no
teaching,31,no
tell,31,no
value,31,no
went,31,no
amazon,30,no
curious,30,no
father,30,no
grade,30,no
immediately,30,no
thinking,30,no
wont,30,no
came,29,no
house,29,no
later,29,no
money,29,no
must,29,no
number,29,no
piece,29,no
real,29,no
seven,29,no
step,29,no
activities,28,no
eight,28,no
figure,28,no
figured,28,no
granddaughter,28,no
home,28,no
hour,28,no
included,28,no
nephews,28,no
place,28,no
review,28,no
apart,27,no
diagram,27,no
instead,27,no
items,27,no
order,27,no
results,27,no
sat,27,no
small,27,no
company,26,no
connections,26,no
experience,26,no
minutes,26,no
stars,26,no
turn,26,no
weve,26,no
circuitry,25,no
completed,25,no
everyone,25,no
let,25,no
looks,25,no
minds,25,no
ordered,25,no
short,25,no
various,25,no
week,25,no
ago,24,no
air,24,no
along,24,no
designs,24,no
inquisitive,24,no
niece,24,no
seem,24,no
showing,24,no
starter,24,no
20,23,no
300,23,no
blast,23,no
choice,23,no
designed,23,no
fascinated,23,no
products,23,no
similar,23,no
totally,23,no
wires,23,no
within,23,no
explanations,22,no
four,22,no
id,22,no
ideas,22,no
kind,22,no
music,22,no
others,22,no
plan,22,no
spend,22,no
supervision,22,no
told,22,no
assistance,21,no
design,21,no
end,21,no
especially,21,no
helps,21,no
presents,21,no
resistor,21,no
teacher,21,no
three,21,no
turned,21,no
30,20,no
behind,20,no
connect,20,no
course,20,no
given,20,no
guide,20,no
introduction,20,no
morning,20,no
open,20,no
parallel,20,no
picked,20,no
sent,20,no
takes,20,no
13,19,no
couldnt,19,no
else,19,no
flying,19,no
list,19,no
night,19,no
nine,19,no
packaging,19,no
pictures,19,no
power,19,no
purchasing,19,no
radio,19,no
students,19,no
bulb,18,no
combinations,18,no
completing,18,no
decided,18,no
explaining,18,no
fact,18,no
finished,18,no
fly,18,no
grandchildren,18,no
grid,18,no
high,18,no
hope,18,no
point,18,no
provides,18,no
seen,18,no
speaker,18,no
switches,18,no
taking,18,no
theyre,18,no
ways,18,no
weeks,18,no
alone,17,no
assemble,17,no
change,17,no
class,17,no
classroom,17,no
education,17,no
elenco,17,no
ill,17,no
involved,17,no
knew,17,no
maybe,17,no
parent,17,no
physics,17,no
second,17,no
showed,17,no
skills,17,no
thats,17,no
version,17,no
water,17,no
yes,17,no
aa,16,no
additional,16,no
allows,16,no
ask,16,no
based,16,no
began,16,no
beginning,16,no
budding,16,no
care,16,no
certain,16,no
check,16,no
childs,16,no
experimenting,16,no
explained,16,no
explanation,16,no
giving,16,no
introduce,16,no
isnt,16,no
laid,16,no
mother,16,no
move,16,no
opening,16,no
provide,16,no
questions,16,no
realize,16,no
room,16,no
tried,16,no
type,16,no
watching,16,no
xmas,16,no
asking,15,no
brought,15,no
challenge,15,no
cousin,15,no
created,15,no
explains,15,no
forward,15,no
gives,15,no
happen,15,no
knowledge,15,no
least,15,no
o,15,no
run,15,no
sometimes,15,no
spin,15,no
starting,15,no
table,15,no
types,15,no
watch,15,no
whole,15,no
wire,15,no
world,15,no
written,15,no
arrived,14,no
early,14,no
either,14,no
ended,14,no
entertained,14,no
expansion,14,no
gotten,14,no
grandpa,14,no
hed,14,no
held,14,no
independently,14,no
overall,14,no
require,14,no
side,14,no
simply,14,no
theres,14,no
thinks,14,no
uses,14,no
variations,14,no
youre,14,no
108,13,no
believe,13,no
computer,13,no
creations,13,no
creativity,13,no
goes,13,no
hooked,13,no
inventions,13,no
often,13,no
picture,13,no
rest,13,no
scientific,13,no
series,13,no
shown,13,no
shows,13,no
siren,13,no
someone,13,no
store,13,no
taught,13,no
understands,13,no
unique,13,no
y,13,no
101,12,no
5th,12,no
alternative,12,no
base,12,no
builds,12,no
color,12,no
component,12,no
continue,12,no
current,12,no
daddy,12,no
daughters,12,no
exactly,12,no
example,12,no
explore,12,no
extra,12,no
half,12,no
havent,12,no
labeled,12,no
life,12,no
looked,12,no
missing,12,no
party,12,no
past,12,no
plus,12,no
principles,12,no
provided,12,no
saucer,12,no
scientist,12,no
smaller,12,no
taken,12,no
turns,12,no
usually,12,no
yo,12,no
14,11,no
added,11,no
become,11,no
birthdays,11,no
case,11,no
completely,11,no
constructed,11,no
direction,11,no
energy,11,no
engineers,11,no
extremely,11,no
eyes,11,no
fit,11,no
flow,11,no
full,11,no
grow,11,no
initially,11,no
knows,11,no
law,11,no
less,11,no
occupied,11,no
organized,11,no
pack,11,no
planning,11,no
plenty,11,no
reason,11,no
santa,11,no
self,11,no
share,11,no
sort,11,no
stopped,11,no
straight,11,no
understood,11,no
upon,11,no
2nd,10,no
6th,10,no
750,10,no
7th,10,no
asks,10,no
curiosity,10,no
details,10,no
devices,10,no
entertainment,10,no
expected,10,no
figuring,10,no
fully,10,no
gadgets,10,no
grader,10,no
grandma,10,no
happens,10,no
hold,10,no
homeschool,10,no
honestly,10,no
including,10,no
information,10,no
inside,10,no
longer,10,no
manufacturer,10,no
month,10,no
opportunity,10,no
phone,10,no
process,10,no
replacement,10,no
resistors,10,no
service,10,no
starts,10,no
stay,10,no
suggested,10,no
system,10,no
terms,10,no
wanting,10,no
website,10,no
yrs,10,no
8th,9,no
aside,9,no
autistic,9,no
beginner,9,no
call,9,no
called,9,no
chance,9,no
configurations,9,no
consider,9,no
cost,9,no
cousins,9,no
customer,9,no
due,9,no
electrician,9,no
engaged,9,no
entire,9,no
expand,9,no
exploring,9,no
grandkids,9,no
hear,9,no
heard,9,no
homeschooling,9,no
kinds,9,no
large,9,no
leave,9,no
left,9,no
multiple,9,no
nothing,9,no
obsessed,9,no
ons,9,no
penny,9,no
person,9,no
pick,9,no
remember,9,no
running,9,no
seemed,9,no
sense,9,no
setting,9,no
shipping,9,no
sirens,9,no
thanks,9,no
truly,9,no
turning,9,no
whats,9,no
youll,9,no
15,8,no
9th,8,no
allow,8,no
aspect,8,no
awhile,8,no
became,8,no
brain,8,no
bunch,8,no
childrens,8,no
computers,8,no
construct,8,no
detail,8,no
doorbell,8,no
encourages,8,no
engage,8,no
expect,8,no
finally,8,no
followed,8,no
gone,8,no
grandfather,8,no
handle,8,no
hasnt,8,no
helicopter,8,no
intrigued,8,no
junior,8,no
layout,8,no
lesson,8,no
line,8,no
logic,8,no
match,8,no
math,8,no
mechanically,8,no
middle,8,no
minded,8,no
motors,8,no
name,8,no
near,8,no
non,8,no
note,8,no
oldest,8,no
online,8,no
options,8,no
ordering,8,no
pay,8,no
plans,8,no
previous,8,no
propeller,8,no
recently,8,no
regular,8,no
related,8,no
required,8,no
requires,8,no
ring,8,no
send,8,no
shack,8,no
sisters,8,no
sitting,8,no
snapping,8,no
sorts,8,no
spends,8,no
storage,8,no
student,8,no
summer,8,no
talk,8,no
tells,8,no
user,8,no
w,8,no
wouldnt,8,no
3rd,7,no
across,7,no
activated,7,no
adding,7,no
admit,7,no
afternoon,7,no
alarms,7,no
alot,7,no
appears,7,no
assembly,7,no
black,7,no
boards,7,no
bring,7,no
button,7,no
buttons,7,no
careful,7,no
chose,7,no
coming,7,no
complexity,7,no
considering,7,no
contacted,7,no
contains,7,no
currents,7,no
daily,7,no
durability,7,no
elementary,7,no
eliminator,7,no
evening,7,no
exact,7,no
felt,7,no
finish,7,no
fix,7,no
group,7,no
grows,7,no
head,7,no
hopefully,7,no
hoping,7,no
illustrated,7,no
imagination,7,no
imagine,7,no
inclined,7,no
increase,7,no
job,7,no
keeping,7,no
lessons,7,no
lightbulb,7,no
mastered,7,no
mechanical,7,no
metal,7,no
minor,7,no
moment,7,no
mommy,7,no
nearly,7,no
numbers,7,no
obviously,7,no
oh,7,no
outcome,7,no
range,7,no
rated,7,no
rating,7,no
receiving,7,no
schematics,7,no
scout,7,no
section,7,no
shell,7,no
single,7,no
size,7,no
somehow,7,no
specific,7,no
spending,7,no
spinning,7,no
star,7,no
suggest,7,no
talking,7,no
ten,7,no
theory,7,no
tons,7,no
upgrades,7,no
visual,7,no
whatever,7,no
1st,6,no
4th,6,no
accidentally,6,no
actual,6,no
advertised,6,no
aged,6,no
amount,6,no
arent,6,no
background,6,no
beginners,6,no
besides,6,no
blocks,6,no
books,6,no
caught,6,no
cause,6,no
certainly,6,no
challenged,6,no
changes,6,no
closed,6,no
colored,6,no
com,6,no
constantly,6,no
cub,6,no
described,6,no
discovered,6,no
dollars,6,no
dozen,6,no
english,6,no
expectations,6,no
face,6,no
feel,6,no
finding,6,no
flows,6,no
front,6,no
function,6,no
general,6,no
growing,6,no
grown,6,no
guess,6,no
hand,6,no
happening,6,no
harder,6,no
independent,6,no
instant,6,no
interactive,6,no
intro,6,no
inventing,6,no
investment,6,no
knowing,6,no
lab,6,no
lets,6,no
letters,6,no
literally,6,no
low,6,no
mail,6,no
mas,6,no
material,6,no
materials,6,no
mine,6,no
minimal,6,no
moving,6,no
ok,6,no
otherwise,6,no
package,6,no
page,6,no
people,6,no
possible,6,no
practical,6,no
precocious,6,no
priced,6,no
pulled,6,no
quick,6,no
rainy,6,no
sell,6,no
serial,6,no
slightly,6,no
snapped,6,no
solving,6,no
somewhat,6,no
spot,6,no
subject,6,no
surprise,6,no
technical,6,no
technically,6,no
test,6,no
today,6,no
tools,6,no
troubleshoot,6,no
tv,6,no
uncle,6,no
unless,6,no
ups,6,no
visit,6,no
wife,6,no
words,6,no
wrote,6,no
x,6,no
50,5,no
7yr,5,no
ability,5,no
action,5,no
addition,5,no
adhd,5,no
arrangements,5,no
aunt,5,no
basically,5,no
bday,5,no
bed,5,no
begin,5,no
bells,5,no
bottom,5,no
childhood,5,no
choose,5,no
circle,5,no
circut,5,no
close,5,no
closet,5,no
colors,5,no
combine,5,no
comprehend,5,no
connection,5,no
connectors,5,no
construction,5,no
continues,5,no
dads,5,no
dealing,5,no
definately,5,no
demonstrate,5,no
description,5,no
difference,5,no
diode,5,no
endless,5,no
ensure,5,no
eventually,5,no
examples,5,no
except,5,no
expanding,5,no
exploration,5,no
features,5,no
feels,5,no
fingers,5,no
form,5,no
functioning,5,no
generally,5,no
grandparents,5,no
graph,5,no
grew,5,no
gun,5,no
higher,5,no
holds,5,no
holiday,5,no
holidays,5,no
hook,5,no
include,5,no
intended,5,no
introduced,5,no
involve,5,no
jumper,5,no
kitchen,5,no
knex,5,no
late,5,no
learner,5,no
learns,5,no
levels,5,no
local,5,no
lol,5,no
manner,5,no
map,5,no
meant,5,no
model,5,no
moved,5,no
naturally,5,no
numbered,5,no
offered,5,no
parental,5,no
possibilities,5,no
presented,5,no
pulls,5,no
puts,5,no
puzzles,5,no
rarely,5,no
realized,5,no
receive,5,no
recipient,5,no
reminded,5,no
result,5,no
robot,5,no
saying,5,no
screen,5,no
searching,5,no
shape,5,no
shoot,5,no
span,5,no
spark,5,no
sparked,5,no
speak,5,no
spins,5,no
spring,5,no
state,5,no
stem,5,no
studying,5,no
suggestions,5,no
surprised,5,no
teachers,5,no
tech,5,no
technology,5,no
tinker,5,no
tries,5,no
twin,5,no
unlike,5,no
unwrapped,5,no
vacation,5,no
versions,5,no
werent,5,no
wii,5,no
wiring,5,no
workbook,5,no
yeah,5,no
500,4,no
5yo,4,no
5yr,4,no
achieve,4,no
active,4,no
adores,4,no
ahead,4,no
aid,4,no
alike,4,no
anyway,4,no
anyways,4,no
appliances,4,no
assembling,4,no
autism,4,no
average,4,no
beat,4,no
biggest,4,no
blew,4,no
bonding,4,no
boxes,4,no
career,4,no
charge,4,no
choices,4,no
circuts,4,no
clips,4,no
clothing,4,no
collection,4,no
college,4,no
compared,4,no
concentration,4,no
connected,4,no
connecting,4,no
constructing,4,no
continued,4,no
count,4,no
creates,4,no
curriculum,4,no
deal,4,no
delivery,4,no
depth,4,no
designing,4,no
device,4,no
differently,4,no
dinner,4,no
dolls,4,no
earlier,4,no
educate,4,no
effects,4,no
enclosed,4,no
engrossed,4,no
erector,4,no
event,4,no
familiar,4,no
favorites,4,no
fifth,4,no
finds,4,no
finishes,4,no
flashing,4,no
flies,4,no
flip,4,no
floor,4,no
focused,4,no
follows,4,no
forget,4,no
goal,4,no
grabbed,4,no
grasp,4,no
ha,4,no
heart,4,no
holding,4,no
hundreds,4,no
ic,4,no
illustrations,4,no
includes,4,no
info,4,no
initial,4,no
instructional,4,no
introducing,4,no
invent,4,no
invest,4,no
jump,4,no
kinda,4,no
kindle,4,no
layers,4,no
layouts,4,no
leds,4,no
letting,4,no
loads,4,no
machines,4,no
maker,4,no
manuals,4,no
market,4,no
matter,4,no
means,4,no
models,4,no
module,4,no
modules,4,no
multi,4,no
neighbor,4,no
noticed,4,no
numerous,4,no
objective,4,no
offers,4,no
ohms,4,no
onto,4,no
outside,4,no
packed,4,no
packs,4,no
pair,4,no
paper,4,no
particular,4,no
particularly,4,no
pathways,4,no
patterns,4,no
paying,4,no
perhaps,4,no
places,4,no
pro,4,no
program,4,no
pull,4,no
purpose,4,no
purposes,4,no
rate,4,no
rather,4,no
realizing,4,no
reasoning,4,no
relatives,4,no
replace,4,no
retired,4,no
schools,4,no
seventh,4,no
sharing,4,no
shed,4,no
shopping,4,no
sits,4,no
solve,4,no
somewhere,4,no
source,4,no
space,4,no
sparks,4,no
special,4,no
stand,4,no
stands,4,no
stated,4,no
style,4,no
supplement,4,no
surprisingly,4,no
technician,4,no
thanked,4,no
third,4,no
thru,4,no
tinkering,4,no
tonight,4,no
track,4,no
tray,4,no
treat,4,no
tree,4,no
trial,4,no
unit,4,no
unsupervised,4,no
upgrading,4,no
usual,4,no
visited,4,no
volume,4,no
vs,4,no
waiting,4,no
war,4,no
wheel,4,no
whether,4,no
whistles,4,no
whos,4,no
wide,4,no
word,4,no
workings,4,no
yesterday,4,no
zoombinis,4,no
0,3,no
10th,3,no
16,3,no
2011,3,no
2013,3,no
23,3,no
40,3,no
6yo,3,no
6yr,3,no
75,3,no
80,3,no
9yr,3,no
access,3,no
accompanying,3,no
according,3,no
achieved,3,no
addictive,3,no
advance,3,no
affect,3,no
alley,3,no
allowing,3,no
approach,3,no
art,3,no
aspects,3,no
assembled,3,no
attempt,3,no
avoid,3,no
baby,3,no
barely,3,no
bell,3,no
birth,3,no
blade,3,no
brief,3,no
brings,3,no
brothers,3,no
builder,3,no
builders,3,no
cable,3,no
cake,3,no
calls,3,no
capacitors,3,no
captured,3,no
car,3,no
cardboard,3,no
carefully,3,no
cat,3,no
catch,3,no
challenges,3,no
checking,3,no
chips,3,no
chosen,3,no
classes,3,no
classrooms,3,no
click,3,no
co,3,no
coded,3,no
completes,3,no
con,3,no
condition,3,no
conduct,3,no
console,3,no
control,3,no
copy,3,no
countless,3,no
daugher,3,no
dc,3,no
decision,3,no
delivered,3,no
demonstrates,3,no
den,3,no
describes,3,no
despite,3,no
detailed,3,no
developing,3,no
discover,3,no
discovery,3,no
discussed,3,no
double,3,no
drawings,3,no
ds,3,no
ee,3,no
effort,3,no
eighth,3,no
electricians,3,no
element,3,no
encouraged,3,no
engages,3,no
entirely,3,no
equally,3,no
equipment,3,no
everyday,3,no
executed,3,no
exercises,3,no
expansions,3,no
experiences,3,no
extend,3,no
extension,3,no
extreme,3,no
feeling,3,no
fire,3,no
flashlight,3,no
flipped,3,no
fm,3,no
focus,3,no
folks,3,no
forever,3,no
forth,3,no
frequently,3,no
functions,3,no
fundamentals,3,no
gaming,3,no
garden,3,no
graders,3,no
grandchild,3,no
granddaughters,3,no
green,3,no
guy,3,no
handled,3,no
handling,3,no
hesitate,3,no
hidden,3,no
hoped,3,no
hundred,3,no
ignored,3,no
importantly,3,no
incorporate,3,no
interpret,3,no
invention,3,no
inventor,3,no
jacket,3,no
join,3,no
judge,3,no
jumped,3,no
key,3,no
kiddo,3,no
kindergarten,3,no
launch,3,no
lay,3,no
laying,3,no
lincoln,3,no
listed,3,no
lit,3,no
littlebits,3,no
lives,3,no
logs,3,no
loop,3,no
lower,3,no
major,3,no
makers,3,no
mark,3,no
meets,3,no
mention,3,no
minute,3,no
modifications,3,no
molded,3,no
moms,3,no
mostly,3,no
motion,3,no
mouth,3,no
museum,3,no
musical,3,no
nanny,3,no
natural,3,no
neice,3,no
nerd,3,no
nicholas,3,no
nieces,3,no
ninth,3,no
normally,3,no
offer,3,no
opinion,3,no
opposed,3,no
option,3,no
oriented,3,no
original,3,no
outputs,3,no
packaged,3,no
pages,3,no
pants,3,no
papa,3,no
performed,3,no
picking,3,no
pile,3,no
placement,3,no
plain,3,no
plug,3,no
polarity,3,no
police,3,no
possibly,3,no
postage,3,no
potential,3,no
potentially,3,no
previously,3,no
prices,3,no
properties,3,no
proudly,3,no
providing,3,no
pun,3,no
puzzle,3,no
rare,3,no
rave,3,no
re,3,no
recieved,3,no
relatively,3,no
remains,3,no
remove,3,no
repair,3,no
repeated,3,no
replacements,3,no
replacing,3,no
report,3,no
research,3,no
response,3,no
returning,3,no
reusable,3,no
reversed,3,no
robotics,3,no
rotation,3,no
rugged,3,no
rules,3,no
safety,3,no
save,3,no
saving,3,no
schematic,3,no
sealed,3,no
seller,3,no
sensor,3,no
separate,3,no
serious,3,no
settled,3,no
setups,3,no
sheet,3,no
shipped,3,no
sibling,3,no
siblings,3,no
site,3,no
sixth,3,no
slide,3,no
smallest,3,no
snapcircuits,3,no
sold,3,no
soldering,3,no
solo,3,no
song,3,no
stayed,3,no
steps,3,no
story,3,no
study,3,no
supervising,3,no
suppose,3,no
supposed,3,no
surely,3,no
swap,3,no
systems,3,no
talked,3,no
technicians,3,no
television,3,no
tend,3,no
term,3,no
text,3,no
theyll,3,no
thoroughly,3,no
thoughts,3,no
ton,3,no
topic,3,no
touch,3,no
troubleshooting,3,no
uc,3,no
ufo,3,no
view,3,no
vocabulary,3,no
wake,3,no
walk,3,no
watched,3,no
wear,3,no
weekend,3,no
whenever,3,no
whim,3,no
whistle,3,no
winter,3,no
writing,3,no
youngsters,3,no
11yr,2,no
12yr,2,no
18,2,no
202,2,no
20s,2,no
21,2,no
22,2,no
25,2,no
26th,2,no
300r,2,no
3yr,2,no
500r,2,no
56,2,no
60,2,no
600,2,no
62,2,no
7yo,2,no
8230,2,no
8yo,2,no
8yr,2,no
8yrs,2,no
90,2,no
absolute,2,no
accompanies,2,no
accompany,2,no
adapter,2,no
adds,2,no
adept,2,no
admitted,2,no
afterwards,2,no
agree,2,no
allot,2,no
allowed,2,no
america,2,no
among,2,no
amongst,2,no
amused,2,no
analytical,2,no
anymore,2,no
anywhere,2,no
apparently,2,no
appear,2,no
application,2,no
apply,2,no
architecture,2,no
area,2,no
arrows,2,no
arts,2,no
attach,2,no
b,2,no
backwards,2,no
band,2,no
barbie,2,no
beats,2,no
becomes,2,no
becoming,2,no
bedtime,2,no
begged,2,no
begun,2,no
bet,2,no
bill,2,no
blueprints,2,no
boarding,2,no
booster,2,no
bragging,2,no
brainer,2,no
brains,2,no
bratz,2,no
bread,2,no
breakage,2,no
bridge,2,no
briefly,2,no
brightly,2,no
brown,2,no
browsing,2,no
btw,2,no
buff,2,no
bulbs,2,no
burnt,2,no
buzz,2,no
buzzer,2,no
capacitor,2,no
capture,2,no
cases,2,no
cells,2,no
changing,2,no
chanukah,2,no
chemicals,2,no
china,2,no
chip,2,no
circuites,2,no
claiming,2,no
clap,2,no
classmates,2,no
cleanup,2,no
clip,2,no
closely,2,no
closer,2,no
closing,2,no
club,2,no
coding,2,no
compare,2,no
compartment,2,no
comprehension,2,no
conduction,2,no
conductivity,2,no
configure,2,no
consideration,2,no
considered,2,no
contain,2,no
content,2,no
contents,2,no
conversation,2,no
convinced,2,no
coordinates,2,no
copying,2,no
corner,2,no
cover,2,no
covered,2,no
covering,2,no
cross,2,no
curcuits,2,no
d,2,no
daddies,2,no
daddys,2,no
dangers,2,no
daugther,2,no
dec,2,no
declared,2,no
decrease,2,no
deeper,2,no
degree,2,no
delivers,2,no
demonstration,2,no
depending,2,no
describe,2,no
deserves,2,no
designer,2,no
destroying,2,no
develop,2,no
developed,2,no
development,2,no
dexterity,2,no
dining,2,no
directly,2,no
disc,2,no
discipline,2,no
discoveries,2,no
discovering,2,no
distance,2,no
documentation,2,no
donate,2,no
donation,2,no
door,2,no
dove,2,no
dozens,2,no
draw,2,no
drawing,2,no
dream,2,no
dropped,2,no
e,2,no
easter,2,no
effect,2,no
electircal,2,no
electrically,2,no
elencos,2,no
email,2,no
enormous,2,no
entrance,2,no
essentially,2,no
esteem,2,no
evenings,2,no
exception,2,no
exercise,2,no
expandable,2,no
expanded,2,no
expands,2,no
expecting,2,no
experimentation,2,no
experimented,2,no
explaination,2,no
explanatory,2,no
exposed,2,no
expressing,2,no
extensions,2,no
eye,2,no
feature,2,no
feedback,2,no
fight,2,no
figures,2,no
filled,2,no
finishing,2,no
force,2,no
former,2,no
freshman,2,no
gates,2,no
gathered,2,no
generation,2,no
girly,2,no
god,2,no
godson,2,no
gotta,2,no
gradually,2,no
grandmas,2,no
grasps,2,no
growth,2,no
guiding,2,no
handed,2,no
happened,2,no
hardly,2,no
heads,2,no
heavy,2,no
hesitation,2,no
hey,2,no
hints,2,no
holder,2,no
homework,2,no
hooking,2,no
hopes,2,no
household,2,no
hovering,2,no
hrs,2,no
hubby,2,no
husbands,2,no
identify,2,no
immersed,2,no
immersive,2,no
impact,2,no
importance,2,no
independant,2,no
indicated,2,no
individual,2,no
indoor,2,no
industrial,2,no
input,2,no
insert,2,no
insisted,2,no
intellectual,2,no
interact,2,no
interacting,2,no
interaction,2,no
intimidated,2,no
introduces,2,no
introductory,2,no
intuitively,2,no
invented,2,no
invited,2,no
inviting,2,no
involving,2,no
ipad,2,no
joined,2,no
jumping,2,no
kick,2,no
kiddos,2,no
kindergartener,2,no
labels,2,no
labled,2,no
lamp,2,no
largest,2,no
lasted,2,no
lasting,2,no
lasts,2,no
lately,2,no
latest,2,no
launched,2,no
launches,2,no
layer,2,no
leaning,2,no
learners,2,no
letter,2,no
library,2,no
lighting,2,no
likely,2,no
lil,2,no
live,2,no
living,2,no
longest,2,no
lotsa,2,no
m,2,no
magnetic,2,no
main,2,no
man,2,no
manipulating,2,no
marked,2,no
mean,2,no
meeting,2,no
members,2,no
message,2,no
mildly,2,no
miles,2,no
military,2,no
min,2,no
mix,2,no
mixing,2,no
modify,2,no
modular,2,no
moments,2,no
moves,2,no
mr,2,no
multitude,2,no
native,2,no
nature,2,no
navigate,2,no
necessarily,2,no
neighborhood,2,no
neither,2,no
newest,2,no
nonstop,2,no
normal,2,no
notice,2,no
novice,2,no
objectives,2,no
occasion,2,no
occasions,2,no
office,2,no
ohm,2,no
okay,2,no
operate,2,no
opportunities,2,no
orders,2,no
organize,2,no
organizer,2,no
originally,2,no
orriented,2,no
oustanding,2,no
outreach,2,no
overlooked,2,no
owned,2,no
paid,2,no
paint,2,no
paragraph,2,no
parties,2,no
path,2,no
paths,2,no
payoff,2,no
pcb,2,no
periods,2,no
personal,2,no
personality,2,no
personally,2,no
physically,2,no
pic,2,no
pictorial,2,no
pink,2,no
pinwheel,2,no
placed,2,no
planned,2,no
please,2,no
plugged,2,no
pointing,2,no
points,2,no
poles,2,no
possibility,2,no
posted,2,no
potato,2,no
powered,2,no
powering,2,no
pre,2,no
preparing,2,no
preschool,2,no
press,2,no
pressed,2,no
pressing,2,no
presumably,2,no
principle,2,no
prior,2,no
produce,2,no
progression,2,no
proof,2,no
provoking,2,no
pulling,2,no
push,2,no
pushes,2,no
ran,2,no
ranging,2,no
rank,2,no
recall,2,no
recreated,2,no
reinforce,2,no
remain,2,no
remeber,2,no
remembered,2,no
repeatedly,2,no
repeating,2,no
reported,2,no
reproductive,2,no
requested,2,no
resulting,2,no
reverse,2,no
reviewed,2,no
robots,2,no
rotate,2,no
rover,2,no
row,2,no
rubber,2,no
russian,2,no
s,2,no
s1,2,no
sale,2,no
satisfaction,2,no
saves,2,no
scenarios,2,no
sciencey,2,no
scientists,2,no
scouts,2,no
searched,2,no
season,2,no
secret,2,no
sees,2,no
seldom,2,no
selection,2,no
selling,2,no
sending,2,no
sends,2,no
sequential,2,no
session,2,no
shapes,2,no
shelf,2,no
shot,2,no
shouldnt,2,no
sigh,2,no
simplicity,2,no
simplification,2,no
sites,2,no
slam,2,no
snapcircuit,2,no
somebody,2,no
sometime,2,no
songs,2,no
soo,2,no
sounded,2,no
spans,2,no
spatial,2,no
specifically,2,no
sports,2,no
spurred,2,no
stages,2,no
standard,2,no
staple,2,no
states,2,no
stays,2,no
stepped,2,no
stick,2,no
stored,2,no
stores,2,no
strength,2,no
stretch,2,no
stretches,2,no
suggestion,2,no
surprises,2,no
switching,2,no
symbols,2,no
tablets,2,no
tap,2,no
tear,2,no
tearing,2,no
techy,2,no
teen,2,no
teenagers,2,no
telling,2,no
textbooks,2,no
theories,2,no
theyve,2,no
thinker,2,no
throughout,2,no
throw,2,no
thrown,2,no
thus,2,no
timeless,2,no
tinkerer,2,no
tire,2,no
tore,2,no
total,2,no
touched,2,no
toward,2,no
traditional,2,no
training,2,no
transistors,2,no
travels,2,no
tricks,2,no
tween,2,no
twenty,2,no
tying,2,no
typically,2,no
university,2,no
unused,2,no
unwrapping,2,no
upcoming,2,no
update,2,no
vacuum,2,no
variable,2,no
variation,2,no
vary,2,no
ver,2,no
via,2,no
visiting,2,no
visits,2,no
visuals,2,no
voice,2,no
voltage,2,no
waited,2,no
walked,2,no
warehouse,2,no
whoever,2,no
wired,2,no
woke,2,no
wondered,2,no
wondering,2,no
wrapped,2,no
write,2,no
youd,2,no
youngest,2,no
